<?xml version="1.0" encoding="UTF-8" standalone="yes"?>
<addon id="plugin.video.EntertainOBClub"
       name="CrypticialZ StreamZ"
       version="1.2.6"
       provider-name="Crypticialz Kodi">
  <requires>
    <import addon="xbmc.python" version="2.1.0"/>
    <import addon="script.module.requests"/>
  </requires>
  <extension point="xbmc.python.pluginsource"
            library="default.py">
        <provides>video</provides>
  </extension>
  <extension point="xbmc.addon.metadata">
    <summary lang="en">CrypticialZ TV</summary>
    <language>en</language>
    <description lang="en">CrypticialZ StreamZ's addon</description>
    <disclaimer lang="en">This addon provider does not host any content being showned or seen.</disclaimer>
    <platform>all</platform>
  </extension>
</addon>
