<?xml version="1.0" encoding="UTF-8" standalone="yes"?>
<addon id="plugin.video.EntertainOBCViet" name="EntertainOBC Viet Karaoke" version="1.0.0" provider-name="EntertainOBC">
	<requires>
		<import addon="xbmc.python" version="2.19.0" />
		<import addon="script.module.urlresolver" version="3.0.0"/>
		<import addon="script.module.requests"    version="2.12.4"/> 
		<import addon="script.module.beautifulsoup4" version="4.3.2"/>
	</requires>
	<extension point="xbmc.python.pluginsource" library="youtube_addon.py">
		<provides>video</provides>
	</extension>
	<extension point="xbmc.addon.metadata">
		<summary lang="en">Karaoke</summary>
		<description lang="en">Karaoke</description>
		<platform>all</platform>
	</extension>
</addon>
